/*
-- Query: SELECT * FROM `giza-baliabideak`.job
LIMIT 0, 1000

-- Date: 2023-01-23 09:07
*/
INSERT INTO `job` (`code`,`title_es`,`title_eu`) VALUES (1100,'Secretario General','Idazkari Nagusia');
INSERT INTO `job` (`code`,`title_es`,`title_eu`) VALUES (1101,'Técnico de Administración General','Administrazio Orokorreko teknikaria');
INSERT INTO `job` (`code`,`title_es`,`title_eu`) VALUES (1103,'Administrativo SAC-Archivo','HAZ artxibategi-administraria');
INSERT INTO `job` (`code`,`title_es`,`title_eu`) VALUES (1104,'Administrativo Secretaría','Idazkaritzako administraria');
INSERT INTO `job` (`code`,`title_es`,`title_eu`) VALUES (1105,'Administrativo Personal','Langileen administraria');
INSERT INTO `job` (`code`,`title_es`,`title_eu`) VALUES (1109,'Auxiliar de Secretaría','Idazkaritza laguntzailea');
INSERT INTO `job` (`code`,`title_es`,`title_eu`) VALUES (1110,'Auxiliar Administrativo','Administrari laguntzailea');
INSERT INTO `job` (`code`,`title_es`,`title_eu`) VALUES (1112,'Secretaria de Relaciones Ciudadanas','Herritarrekiko Harremanetarako idazkaria');
INSERT INTO `job` (`code`,`title_es`,`title_eu`) VALUES (1113,'Administrativo SAC','HAZ administraria');
INSERT INTO `job` (`code`,`title_es`,`title_eu`) VALUES (1114,'Administrativo SAC','HAZ administraria');
INSERT INTO `job` (`code`,`title_es`,`title_eu`) VALUES (1115,'Administrativo SAC','HAZ administraria');
INSERT INTO `job` (`code`,`title_es`,`title_eu`) VALUES (1116,'Administrativo SAC','HAZ administraria');
INSERT INTO `job` (`code`,`title_es`,`title_eu`) VALUES (1117,'Coordinador Administrativo SAC','HAZ administrari Koordinatzailea');
INSERT INTO `job` (`code`,`title_es`,`title_eu`) VALUES (1118,'Técnico de Administración General','Administrazio Orokorreko teknikaria');
INSERT INTO `job` (`code`,`title_es`,`title_eu`) VALUES (1119,'Administrativo Personal','Langileen administraria');
INSERT INTO `job` (`code`,`title_es`,`title_eu`) VALUES (1200,'Interventor Municipal de Fondos','Udal funtsen kontu-hartzailea');
INSERT INTO `job` (`code`,`title_es`,`title_eu`) VALUES (1201,'Tesorero','Diruzaina');
INSERT INTO `job` (`code`,`title_es`,`title_eu`) VALUES (1202,'Administrativo Intervención','Kontu-hartzailetzako administraria');
INSERT INTO `job` (`code`,`title_es`,`title_eu`) VALUES (1203,'Administrativo Renta y Recaudación','Ondare eta zerga bilketako administraria');
INSERT INTO `job` (`code`,`title_es`,`title_eu`) VALUES (1204,'Administrativo de Administración General','Administrazio Orokorreko administraria');
INSERT INTO `job` (`code`,`title_es`,`title_eu`) VALUES (1205,'Administrativo Intervención','Kontu-hartzailetzako administraria');
INSERT INTO `job` (`code`,`title_es`,`title_eu`) VALUES (1206,'Auxiliar Renta y Recaudación','Errenta eta zerga bilketa laguntzailea');
INSERT INTO `job` (`code`,`title_es`,`title_eu`) VALUES (1208,'Técnico de Administración General','Administrazio Orokorreko teknikaria');
INSERT INTO `job` (`code`,`title_es`,`title_eu`) VALUES (1209,'Técnico medio Jurídico Contable','Kontabilitate eta zuzenbide arloko teknikaria');
INSERT INTO `job` (`code`,`title_es`,`title_eu`) VALUES (1300,'Jefe Servicios Informáticos','Informatika zerbitzueburua');
INSERT INTO `job` (`code`,`title_es`,`title_eu`) VALUES (1301,'Técnico en Administración Electrónica','Administrazio Elektronikoko teknikaria');
INSERT INTO `job` (`code`,`title_es`,`title_eu`) VALUES (1302,'Auxiliar Informático','Informatikako laguntzailea');
INSERT INTO `job` (`code`,`title_es`,`title_eu`) VALUES (1303,'Auxiliar Informático','Informatikako laguntzailea');
INSERT INTO `job` (`code`,`title_es`,`title_eu`) VALUES (1304,'Auxiliar Informático','Informatikako laguntzailea');
INSERT INTO `job` (`code`,`title_es`,`title_eu`) VALUES (1400,'Jefe Área Técnica- Arquitecto','Arlo teknikoko arduraduna-arkitektoa');
INSERT INTO `job` (`code`,`title_es`,`title_eu`) VALUES (1401,'TAG Urbanismo-Obras','Administrazio Orokorreko teknikaria Hirigintza-Obrak');
INSERT INTO `job` (`code`,`title_es`,`title_eu`) VALUES (1402,'Ingeniero M.A Obras y Servicios','Ingeniaria Ingurumena, Obrak eta Zerbitzuak');
INSERT INTO `job` (`code`,`title_es`,`title_eu`) VALUES (1403,'Arquitecto Técnico','Arkitekto teknikoa');
INSERT INTO `job` (`code`,`title_es`,`title_eu`) VALUES (1404,'Ingeniero/Arquitecto Técnico','Ingeniari / arkitekto teknikoa');
INSERT INTO `job` (`code`,`title_es`,`title_eu`) VALUES (1405,'Ingeniero/Arquitecto Técnico','Ingeniari / arkitekto teknikoa');
INSERT INTO `job` (`code`,`title_es`,`title_eu`) VALUES (1406,'Delineante','Delineatzailea');
INSERT INTO `job` (`code`,`title_es`,`title_eu`) VALUES (1407,'Administrativo de Urbanismo y planeamiento','Hirigintza eta plangintzako administraria');
INSERT INTO `job` (`code`,`title_es`,`title_eu`) VALUES (1408,'Auxiliar de Urbanismo','Hirigintza laguntzailea');
INSERT INTO `job` (`code`,`title_es`,`title_eu`) VALUES (1409,'Auxiliar de Obras y Servicios','Obra eta Zerbitzuak laguntzailea');
INSERT INTO `job` (`code`,`title_es`,`title_eu`) VALUES (1410,'Arquitecto','Arkitektoa');
INSERT INTO `job` (`code`,`title_es`,`title_eu`) VALUES (1411,'Administrativo urbanismo','Hirigintza administraria');
INSERT INTO `job` (`code`,`title_es`,`title_eu`) VALUES (1412,'Capataz de Obras y Servicios','Lan eta zerbitzuetako burua');
INSERT INTO `job` (`code`,`title_es`,`title_eu`) VALUES (1413,'Encargado de Almacén','Biltegiko arduraduna');
INSERT INTO `job` (`code`,`title_es`,`title_eu`) VALUES (1414,'Oficial albañil','Ofizial igeltseroa');
INSERT INTO `job` (`code`,`title_es`,`title_eu`) VALUES (1415,'Oficial oficios','Lanbideetako ofiziala');
INSERT INTO `job` (`code`,`title_es`,`title_eu`) VALUES (1416,'Oficial oficios','Lanbideetako ofiziala');
INSERT INTO `job` (`code`,`title_es`,`title_eu`) VALUES (1417,'Oficial oficios','Lanbideetako ofiziala');
INSERT INTO `job` (`code`,`title_es`,`title_eu`) VALUES (1418,'Oficial soldador','Ofizial soldatzailea');
INSERT INTO `job` (`code`,`title_es`,`title_eu`) VALUES (1419,'Oficial oficios','Lanbideetako ofiziala');
INSERT INTO `job` (`code`,`title_es`,`title_eu`) VALUES (1420,'Oficial oficios','Lanbideetako ofiziala');
INSERT INTO `job` (`code`,`title_es`,`title_eu`) VALUES (1421,'Oficial oficios','Lanbideetako ofiziala');
INSERT INTO `job` (`code`,`title_es`,`title_eu`) VALUES (1422,'Oficial oficios','Lanbideetako ofiziala');
INSERT INTO `job` (`code`,`title_es`,`title_eu`) VALUES (1423,'Oficial oficios','Lanbideetako ofiziala');
INSERT INTO `job` (`code`,`title_es`,`title_eu`) VALUES (1424,'Oficial oficios','Lanbideetako ofiziala');
INSERT INTO `job` (`code`,`title_es`,`title_eu`) VALUES (1425,'Oficial oficios','Lanbideetako ofiziala');
INSERT INTO `job` (`code`,`title_es`,`title_eu`) VALUES (1426,'Peón enterrador','Peoi lurperatzailea');
INSERT INTO `job` (`code`,`title_es`,`title_eu`) VALUES (1427,'Peón','Peoia');
INSERT INTO `job` (`code`,`title_es`,`title_eu`) VALUES (1428,'Peón','Peoia');
INSERT INTO `job` (`code`,`title_es`,`title_eu`) VALUES (1429,'Peón','Peoia');
INSERT INTO `job` (`code`,`title_es`,`title_eu`) VALUES (1430,'Peón','Peoia');
INSERT INTO `job` (`code`,`title_es`,`title_eu`) VALUES (1431,'Conserje','Atezaina');
INSERT INTO `job` (`code`,`title_es`,`title_eu`) VALUES (1432,'Oficial mantenimiento conserje','Ofiziala mant. atezaina');
INSERT INTO `job` (`code`,`title_es`,`title_eu`) VALUES (1433,'Oficial mantenimiento conserje','Ofiziala mant. atezaina');
INSERT INTO `job` (`code`,`title_es`,`title_eu`) VALUES (1434,'TAG Urbanismo-Obras','Administrazio Orokorreko teknikaria Hirigintza-Obrak');
INSERT INTO `job` (`code`,`title_es`,`title_eu`) VALUES (1435,'Técnico de Vivienda','Etxebizitza teknikaria');
INSERT INTO `job` (`code`,`title_es`,`title_eu`) VALUES (1501,'Trabajadora Social','Gizarte langilea');
INSERT INTO `job` (`code`,`title_es`,`title_eu`) VALUES (1502,'Trabajadora Social','Gizarte langilea');
INSERT INTO `job` (`code`,`title_es`,`title_eu`) VALUES (1503,'Trabajadora Social','Gizarte langilea');
INSERT INTO `job` (`code`,`title_es`,`title_eu`) VALUES (1505,'Administrativo BS','Gizarte Ongizatea Administraria');
INSERT INTO `job` (`code`,`title_es`,`title_eu`) VALUES (1506,'Auxiliar administrativo','Administrari laguntzailea');
INSERT INTO `job` (`code`,`title_es`,`title_eu`) VALUES (1507,'Responsable de Acción Social','Gizarte Ongizateko arduraduna');
INSERT INTO `job` (`code`,`title_es`,`title_eu`) VALUES (1700,'Oficial Jefe Policía municipal','Udaltzaingoko ofiziala. Udaltzainburua');
INSERT INTO `job` (`code`,`title_es`,`title_eu`) VALUES (1701,'Agente Primero','Udaltzaingoko lehen agentea');
INSERT INTO `job` (`code`,`title_es`,`title_eu`) VALUES (1702,'Agente Primero','Udaltzaingoko lehen agentea');
INSERT INTO `job` (`code`,`title_es`,`title_eu`) VALUES (1703,'Agente Primero','Udaltzaingoko lehen agentea');
INSERT INTO `job` (`code`,`title_es`,`title_eu`) VALUES (1704,'Agentes','Udaltzaingoko agentea');
INSERT INTO `job` (`code`,`title_es`,`title_eu`) VALUES (1705,'Agentes','Udaltzaingoko agentea');
INSERT INTO `job` (`code`,`title_es`,`title_eu`) VALUES (1706,'Agentes','Udaltzaingoko agentea');
INSERT INTO `job` (`code`,`title_es`,`title_eu`) VALUES (1707,'Agentes','Udaltzaingoko agentea');
INSERT INTO `job` (`code`,`title_es`,`title_eu`) VALUES (1708,'Agentes','Udaltzaingoko agentea');
INSERT INTO `job` (`code`,`title_es`,`title_eu`) VALUES (1709,'Agentes','Udaltzaingoko agentea');
INSERT INTO `job` (`code`,`title_es`,`title_eu`) VALUES (1710,'Agentes','Udaltzaingoko agentea');
INSERT INTO `job` (`code`,`title_es`,`title_eu`) VALUES (1711,'Agentes','Udaltzaingoko agentea');
INSERT INTO `job` (`code`,`title_es`,`title_eu`) VALUES (1712,'Agentes','Udaltzaingoko agentea');
INSERT INTO `job` (`code`,`title_es`,`title_eu`) VALUES (1713,'Agentes','Udaltzaingoko agentea');
INSERT INTO `job` (`code`,`title_es`,`title_eu`) VALUES (1714,'Agentes','Udaltzaingoko agentea');
INSERT INTO `job` (`code`,`title_es`,`title_eu`) VALUES (1715,'Agentes','Udaltzaingoko agentea');
INSERT INTO `job` (`code`,`title_es`,`title_eu`) VALUES (1716,'Agentes','Udaltzaingoko agentea');
INSERT INTO `job` (`code`,`title_es`,`title_eu`) VALUES (1717,'Agentes','Udaltzaingoko agentea');
INSERT INTO `job` (`code`,`title_es`,`title_eu`) VALUES (1718,'Agentes','Udaltzaingoko agentea');
INSERT INTO `job` (`code`,`title_es`,`title_eu`) VALUES (1719,'Agentes','Udaltzaingoko agentea');
INSERT INTO `job` (`code`,`title_es`,`title_eu`) VALUES (1720,'Agentes','Udaltzaingoko agentea');
INSERT INTO `job` (`code`,`title_es`,`title_eu`) VALUES (1721,'Agentes','Udaltzaingoko agentea');
INSERT INTO `job` (`code`,`title_es`,`title_eu`) VALUES (1722,'Agentes','Udaltzaingoko agentea');
INSERT INTO `job` (`code`,`title_es`,`title_eu`) VALUES (1723,'Agentes','Udaltzaingoko agentea');
INSERT INTO `job` (`code`,`title_es`,`title_eu`) VALUES (1724,'Administrativo de Administración General','Administrazio Orokorreko administraria');
INSERT INTO `job` (`code`,`title_es`,`title_eu`) VALUES (1725,'Suboficial Policía municipal','Udaltzaingoko ofizialordea');
INSERT INTO `job` (`code`,`title_es`,`title_eu`) VALUES (1725,'Agentes','Udaltzaingoko agentea');
INSERT INTO `job` (`code`,`title_es`,`title_eu`) VALUES (1901,'Administrativo Adm. General','Administrazio orokorreko administraria');
INSERT INTO `job` (`code`,`title_es`,`title_eu`) VALUES (2000,'Técnico medio de Cultura y Deportes','Kultura eta Kiroletako erdi-mailako teknikaria');
INSERT INTO `job` (`code`,`title_es`,`title_eu`) VALUES (2002,'Dinamizador Socio-Cultural','Gizarte-kultura dinamizatzailea');
INSERT INTO `job` (`code`,`title_es`,`title_eu`) VALUES (2003,'Dinamizador Socio-Juvenil','Gizarte-gazteria dinamizatzailea');
INSERT INTO `job` (`code`,`title_es`,`title_eu`) VALUES (2004,'Dinamizador Biblioteca','Liburutegiko dinamizatzailea');
INSERT INTO `job` (`code`,`title_es`,`title_eu`) VALUES (2005,'Administrativo','Administraria');
INSERT INTO `job` (`code`,`title_es`,`title_eu`) VALUES (2006,'Administrativo','Administraria');
INSERT INTO `job` (`code`,`title_es`,`title_eu`) VALUES (2007,'Auxiliar Administrativo','Administrari laguntzailea');
INSERT INTO `job` (`code`,`title_es`,`title_eu`) VALUES (2008,'Auxiliar Administrativo','Administrari laguntzailea');
INSERT INTO `job` (`code`,`title_es`,`title_eu`) VALUES (2009,'Auxiliar Administrativo','Administrari laguntzailea');
INSERT INTO `job` (`code`,`title_es`,`title_eu`) VALUES (2010,'Auxiliar Administrativo','Administrari laguntzailea');
INSERT INTO `job` (`code`,`title_es`,`title_eu`) VALUES (2011,'Técnico de Deportes','Kirol teknikaria');
INSERT INTO `job` (`code`,`title_es`,`title_eu`) VALUES (2011,'Técnico Medio de Euskera','Erdi mailako euskara teknikaria');
INSERT INTO `job` (`code`,`title_es`,`title_eu`) VALUES (2012,'Traductor','Itzultzailea');
INSERT INTO `job` (`code`,`title_es`,`title_eu`) VALUES (2013,'Directora de Euskaltegi','Euskaltegiko zuzendaria');
INSERT INTO `job` (`code`,`title_es`,`title_eu`) VALUES (2014,'Profesor de Euskaltegi','Euskaltegiko irakaslea');
INSERT INTO `job` (`code`,`title_es`,`title_eu`) VALUES (2015,'Auxiliar Administrativo','Administrari laguntzailea');


/*
-- Query: SELECT * FROM giza-baliabideak.department
LIMIT 0, 1000

-- Date: 2023-02-01 13:35
*/
INSERT INTO `department` (`name_es`,`name_eu`) VALUES ('Alcaldía','Alkatetza');
INSERT INTO `department` (`name_es`,`name_eu`) VALUES ('Bulego Teknikoa','Bulego Teknikoa');
INSERT INTO `department` (`name_es`,`name_eu`) VALUES ('Tesorería e Intervención','Diruzaintza eta Kontuhartzailetza');
INSERT INTO `department` (`name_es`,`name_eu`) VALUES ('Euskaltegi','Euskaltegia');
INSERT INTO `department` (`name_es`,`name_eu`) VALUES ('Euskera','Euskara');
INSERT INTO `department` (`name_es`,`name_eu`) VALUES ('Recursos Humanos','Giza baliabideak');
INSERT INTO `department` (`name_es`,`name_eu`) VALUES ('Acción Social','Gizarte Ekintza');
INSERT INTO `department` (`name_es`,`name_eu`) VALUES ('SAC','HAZ');
INSERT INTO `department` (`name_es`,`name_eu`) VALUES ('Secretaría','Idazkaritza');
INSERT INTO `department` (`name_es`,`name_eu`) VALUES ('Informática','Informatika');
INSERT INTO `department` (`name_es`,`name_eu`) VALUES ('Deportes','Kirolak');
INSERT INTO `department` (`name_es`,`name_eu`) VALUES ('Cultura y deportes','Kultura eta kirolak');
INSERT INTO `department` (`name_es`,`name_eu`) VALUES ('Promoción Ecónomica','Lan sustapena');
INSERT INTO `department` (`name_es`,`name_eu`) VALUES ('Liburutegia','Liburutegia');
INSERT INTO `department` (`name_es`,`name_eu`) VALUES ('Policía Municipal','Udaltzaingoa');
INSERT INTO `department` (`name_es`,`name_eu`) VALUES ('Polideportivo (SE)','Kiroldegia (KZ)');
INSERT INTO `department` (`name_es`,`name_eu`) VALUES ('Ludoteka (SE)','Ludoteka (KZ)');
INSERT INTO `department` (`name_es`,`name_eu`) VALUES ('Gaztetxoko (SE)','Gaztetxoko (KZ)');
INSERT INTO `department` (`name_es`,`name_eu`) VALUES ('Escuela de música (SE)','Música eskola (KZ)');
INSERT INTO `department` (`name_es`,`name_eu`) VALUES ('Promoción ecónomica (SE)','Lan sustapena (KZ)');
INSERT INTO `department` (`name_es`,`name_eu`) VALUES ('EISE (SE)','EISE (KZ)');
INSERT INTO `department` (`name_es`,`name_eu`) VALUES ('Drogodependencia (SE)','Drogomenpekotasuna (KZ)');
INSERT INTO `department` (`name_es`,`name_eu`) VALUES ('Zainduz (SE)','Zainduz (KZ)');

/*
-- Query: SELECT * FROM `giza-baliabideak`.application
LIMIT 0, 1000

-- Date: 2023-02-28 10:43
*/
INSERT INTO `application` (`id`,`name`,`app_owners_emails`) VALUES (1,'Aupac','aatela@amorebieta.eus,idazkaritza@amorebieta.eus');
INSERT INTO `application` (`id`,`name`,`app_owners_emails`) VALUES (2,'Sicalwin','amatias@amorebieta.eus,kontuhartzailetza@amorebieta.eus');
INSERT INTO `application` (`id`,`name`,`app_owners_emails`) VALUES (3,'GTWin','llatxiondo@amorebieta.eus,diruzaintza@amorebieta.eus');
INSERT INTO `application` (`id`,`name`,`app_owners_emails`) VALUES (4,'Gespol','ealberdi@amorebieta.eus,udaltzaingoa@amorebieta.eus');
INSERT INTO `application` (`id`,`name`,`app_owners_emails`) VALUES (5,'Cita previa','aurrutia@amorebieta.eus,haz@amorebieta.eus');
INSERT INTO `application` (`id`,`name`,`app_owners_emails`) VALUES (6,'Biztanleen errolda','aatela@amorebieta.eus,idazkaritza@amorebieta.eus');
INSERT INTO `application` (`id`,`name`,`app_owners_emails`) VALUES (7,'Kulturnet','igandarias@amorebieta.eus,kultura@amorebieta.eus');
INSERT INTO `application` (`id`,`name`,`app_owners_emails`) VALUES (8,'GesportNet','aalberdi@amorebieta.eus,kirolak@amorebieta.eus');
INSERT INTO `application` (`id`,`name`,`app_owners_emails`) VALUES (9,'Katastro','llatxiondo@amorebieta.eus,diruzaintza@amorebieta.eus');
INSERT INTO `application` (`id`,`name`,`app_owners_emails`) VALUES (10,'Fitxatzeko Evalos','bgarate@amorebieta.eus,gizabaliabideak@amorebieta.eus');
INSERT INTO `application` (`id`,`name`,`app_owners_emails`) VALUES (11,'Eraikinetan sartzeko txartela','ealberdi@amorebieta.eus,udaltzaingoa@amorebieta.eus');
INSERT INTO `application` (`id`,`name`,`app_owners_emails`) VALUES (12,'Erantzun','agaray@amorebieta.eus,bulegoteknikoa@amorebieta.eus');
INSERT INTO `application` (`id`,`name`,`app_owners_emails`) VALUES (13,'Zerbikat','jsantamaria@amorebieta.eus,informatika@amorebieta.eus');
INSERT INTO `application` (`id`,`name`,`app_owners_emails`) VALUES (14,'Zerga ordenantzak','llatxiondo@amorebieta.eus,diruzaintza@amorebieta.eus');
INSERT INTO `application` (`id`,`name`,`app_owners_emails`) VALUES (15,'Adierazleak','informatika@amorebieta.eus');
INSERT INTO `application` (`id`,`name`,`app_owners_emails`) VALUES (16,'Deiak','informatika@amorebieta.eus');
INSERT INTO `application` (`id`,`name`,`app_owners_emails`) VALUES (17,'Etxez-etxeko zerbitzua','mkerexeta@amorebieta.eus,ongizatea@amorebieta.eus');
INSERT INTO `application` (`id`,`name`,`app_owners_emails`) VALUES (18,'Errezioak','llatxiondo@amorebieta.eus,diruzaintza@amorebieta.eus');
INSERT INTO `application` (`id`,`name`,`app_owners_emails`) VALUES (19,'Fitxa-soziala','mkerexeta@amorebieta.eus,ongizatea@amorebieta.eus');
INSERT INTO `application` (`id`,`name`,`app_owners_emails`) VALUES (20,'Giza-baliabideak','bgarate@amorebieta.eus,gizabaliabideak@amorebieta.eus');
INSERT INTO `application` (`id`,`name`,`app_owners_emails`) VALUES (21,'Izenemateak','informatika@amorebieta.eus');
INSERT INTO `application` (`id`,`name`,`app_owners_emails`) VALUES (22,'Kontratu-txikiak','jlegorburu@amorebieta.eus,idazkaritza@amorebieta.eus');
INSERT INTO `application` (`id`,`name`,`app_owners_emails`) VALUES (23,'Lagapenak','laguilar@amorebieta.eus,artxiboa@amorebieta.eus');
INSERT INTO `application` (`id`,`name`,`app_owners_emails`) VALUES (24,'Oporrak','bgarate@amorebieta.eus,gizabaliabideak@amorebieta.eus');
INSERT INTO `application` (`id`,`name`,`app_owners_emails`) VALUES (25,'SMS Bidalketa','informatika@amorebieta.eus');
INSERT INTO `application` (`id`,`name`,`app_owners_emails`) VALUES (26,'Artzain','informatika@amorebieta.eus');

/*
-- Query: SELECT * FROM `giza-baliabideak`.application
LIMIT 0, 1000

-- Date: 2023-02-28 10:43
*/
Insert into `sub_application` (`id`,`name_es`,`name_eu`,`application_id`) values (1,'Archivo','Artxiboa',1);
Insert into `sub_application` (`id`,`name_es`,`name_eu`,`application_id`) values (2,'Biblioteca','Liburutegia',1);
Insert into `sub_application` (`id`,`name_es`,`name_eu`,`application_id`) values (3,'Catastro','Katastroa',1);
Insert into `sub_application` (`id`,`name_es`,`name_eu`,`application_id`) values (4,'Concejalía','Zinegotzitza',1);
Insert into `sub_application` (`id`,`name_es`,`name_eu`,`application_id`) values (5,'Contratación','Kontratazioa',1);
Insert into `sub_application` (`id`,`name_es`,`name_eu`,`application_id`) values (6,'Cultura','Kultura',1);
Insert into `sub_application` (`id`,`name_es`,`name_eu`,`application_id`) values (7,'Deportes','Kirolak',1);
Insert into `sub_application` (`id`,`name_es`,`name_eu`,`application_id`) values (8,'Disciplina Urbanística','Disziplina urbanistikoa',1);
Insert into `sub_application` (`id`,`name_es`,`name_eu`,`application_id`) values (9,'Educación','Hezkuntza',1);
Insert into `sub_application` (`id`,`name_es`,`name_eu`,`application_id`) values (10,'Euskaltegia','Euskaltegia',1);
Insert into `sub_application` (`id`,`name_es`,`name_eu`,`application_id`) values (11,'Euskera','Euskara',1);
Insert into `sub_application` (`id`,`name_es`,`name_eu`,`application_id`) values (12,'Igualdad','Berdintasuna',1);
Insert into `sub_application` (`id`,`name_es`,`name_eu`,`application_id`) values (13,'Infancia y Juventud','Gazteria',1);
Insert into `sub_application` (`id`,`name_es`,`name_eu`,`application_id`) values (14,'Informática','Informatika',1);
Insert into `sub_application` (`id`,`name_es`,`name_eu`,`application_id`) values (15,'Infraestructuras/Servicios','Azpiegiturak/Zerbitzuak',1);
Insert into `sub_application` (`id`,`name_es`,`name_eu`,`application_id`) values (16,'Intervención, presupuesto y Contabilidad','Kontu-hartzailetza, aurrekontua eta kontabilitatea',1);
Insert into `sub_application` (`id`,`name_es`,`name_eu`,`application_id`) values (17,'Planeamiento urbanístico','Plangintza urbanistikoa',1);
Insert into `sub_application` (`id`,`name_es`,`name_eu`,`application_id`) values (18,'Policía municipal','Udaltzaingoa',1);
Insert into `sub_application` (`id`,`name_es`,`name_eu`,`application_id`) values (19,'Promoción económica y empleo','Lan sustapena',1);
Insert into `sub_application` (`id`,`name_es`,`name_eu`,`application_id`) values (20,'Recursos humanos','Giza baliabideak',1);
Insert into `sub_application` (`id`,`name_es`,`name_eu`,`application_id`) values (21,'SAC','HAZ',1);
Insert into `sub_application` (`id`,`name_es`,`name_eu`,`application_id`) values (22,'Secretaría de alcaldía','Alkatetzako idazkaritza',1);
Insert into `sub_application` (`id`,`name_es`,`name_eu`,`application_id`) values (23,'Secretaría','Idazkaritza',1);
Insert into `sub_application` (`id`,`name_es`,`name_eu`,`application_id`) values (24,'Servicios sociales','Gizarte zerbitzuak',1);
Insert into `sub_application` (`id`,`name_es`,`name_eu`,`application_id`) values (25,'Sostenibilidad/Educación ambiental','Iraunkortasuna/Ingurumen hezkuntza',1);
Insert into `sub_application` (`id`,`name_es`,`name_eu`,`application_id`) values (26,'Tesorería, Rentas y Recaudación','Diruzaintza, errentak eta diru-bilketa',1);
Insert into `sub_application` (`id`,`name_es`,`name_eu`,`application_id`) values (27,'Urbanismo/Obras','Urbanismoa/Obrak',1);

/*
-- Query: SELECT * FROM giza-baliabideak.user
LIMIT 0, 1000

-- Date: 2023-03-20 08:13
*/
INSERT INTO `user` (`username`,`roles`,`password`,`first_name`,`email`,`activated`,`last_login`) VALUES ('ealberdi','[\"ROLE_BOSS\"]','$2y$13$aR9IscMNHtpagHbGfYNEruLoSx3egjpjEaKzMA6CH1GDFhIDMYox.','Ekain Alberdi Elorriaga','ealberdi@amorebieta.eus',1,null);
INSERT INTO `user` (`username`,`roles`,`password`,`first_name`,`email`,`activated`,`last_login`) VALUES ('rugalde','[\"ROLE_BOSS\"]','$2y$13$aR9IscMNHtpagHbGfYNEruLoSx3egjpjEaKzMA6CH1GDFhIDMYox.','Rafa Ugalde Iragorri','rugalde@amorebieta.eus',1,null);
INSERT INTO `user` (`username`,`roles`,`password`,`first_name`,`email`,`activated`,`last_login`) VALUES ('aurrutia','[\"ROLE_BOSS\"]','$2y$13$dwPyt8yQxpaykphr7rgxmueU3ROqDP/vsKdCkw6RgUuOeEqz9lYWu','Argia Urrutia Aristondo','aurrutia@amorebieta.eus',1,null);
INSERT INTO `user` (`username`,`roles`,`password`,`first_name`,`email`,`activated`,`last_login`) VALUES ('aalberdi','[\"ROLE_BOSS\"]','$2y$13$dwPyt8yQxpaykphr7rgxmueU3ROqDP/vsKdCkw6RgUuOeEqz9lYWu','Antxon Alberdi','aalberdi@amorebieta.eus',1,null);
INSERT INTO `user` (`username`,`roles`,`password`,`first_name`,`email`,`activated`,`last_login`) VALUES ('aatela','[\"ROLE_BOSS\"]','$2y$13$WdZnOZ4D7ygobkgyfB4bEuEJu3CbU2rCZNUOuOuQ2AE2B4gfAtiXK','Aizbea Atela Uriarte','aatela@amorebieta.eus',1,null);
INSERT INTO `user` (`username`,`roles`,`password`,`first_name`,`email`,`activated`,`last_login`) VALUES ('jsantamaria','[\"ROLE_ADMIN\",\"ROLE_BOSS\"]','$2y$13$fXHFMnTKPgRLSSLwBEsObe1Riys5XCCZezgRFwzo1rbrpubD.ofIy','Jabier Santamaria Monteagudo','jsantamaria@amorebieta.eus',1,null);
INSERT INTO `user` (`username`,`roles`,`password`,`first_name`,`email`,`activated`,`last_login`) VALUES ('amatias','[\"ROLE_BOSS\"]','$2y$13$6no/uEw1zcOZX0zOTvm5vO1m8SEJOkwULf4cteapCy.J6a/SmBCMu','Alexander Matias Goiri','amatias@amorebieta.eus',1,null);
INSERT INTO `user` (`username`,`roles`,`password`,`first_name`,`email`,`activated`,`last_login`) VALUES ('igandarias','[\"ROLE_BOSS\"]','$2y$13$agyy4NKtHb2a.mpqxYVLD.3xQxaDiEHD/XSrz67vezpDADNssyPBS','Ines Gandarias Lekuona','igandarias@amorebieta.eus',1,null);
INSERT INTO `user` (`username`,`roles`,`password`,`first_name`,`email`,`activated`,`last_login`) VALUES ('setxebarria','[\"ROLE_BOSS\"]','$2y$13$DAFJZOHiYpDN817Q3KDxsuGXvFSzLZEdPCJqODMXIMbcf2qvgY4ca','Sabin Etxebarria Maguregi','setxebarria@amorebieta.eus',1,null);
INSERT INTO `user` (`username`,`roles`,`password`,`first_name`,`email`,`activated`,`last_login`) VALUES ('emartiartu','[\"ROLE_BOSS\"]','$2y$13$kNDdDLTSX4F08hDHvJLePuzr1plV5zD9Gxm7Kqsk5j/x2.ZBswlky','Estibaliz Martiartu','emartiartu@amorebieta.eus',1,null);
INSERT INTO `user` (`username`,`roles`,`password`,`first_name`,`email`,`activated`,`last_login`) VALUES ('llatxiondo','["\ROLE_BOSS\"]','$2y$13$9WYxK/EXSnylNZ8b2l78hudS1IqB.FI5HONmTlr0BGDP.e8mDEbie','Leire Latxiondo Pumarejo','llatxiondo@amorebieta.eus',1,null);
INSERT INTO `user` (`username`,`roles`,`password`,`first_name`,`email`,`activated`,`last_login`) VALUES ('lmartinez','[\"ROLE_BOSS\"]','$2y$13$jIES7hVsi8Vf8QojAyrBb.DdnrRhM7CuUWfuuW2Tz6EyO1F3FAAfa','Luciano Martínez','lmartinez@amorebieta.eus',1,null);
INSERT INTO `user` (`username`,`roles`,`password`,`first_name`,`email`,`activated`,`last_login`) VALUES ('mkerexeta','[\"ROLE_BOSS\"]','$2y$13$5MN.OZ5uv0tSIpN7/GyIlOsWfwX5JysK1rxGNMaKK9el2n1TMT6iO','Mikel Kerexeta Kortabarria','mkerexeta@amorebieta.eus',1,null);
INSERT INTO `user` (`username`,`roles`,`password`,`first_name`,`email`,`activated`,`last_login`) VALUES ('bgarate','[\"ROLE_BOSS\"]','$2y$13$5MN.OZ5uv0tSIpN7/GyIlOsWfwX5JysK1rxGNMaKK9el2n1TMT6iO','Beatriz Garate','bgarate@amorebieta.eus',1,null);
INSERT INTO `user` (`username`,`roles`,`password`,`first_name`,`email`,`activated`,`last_login`) VALUES ('agaray','[\"ROLE_BOSS\"]','$2y$13$5MN.OZ5uv0tSIpN7/GyIlOsWfwX5JysK1rxGNMaKK9el2n1TMT6iO','Aitziber Garay','agaray@amorebieta.eus',1,null);
INSERT INTO `user` (`username`,`roles`,`password`,`first_name`,`email`,`activated`,`last_login`) VALUES ('jlegorburu','[\"ROLE_BOSS\"]','$2y$13$5MN.OZ5uv0tSIpN7/GyIlOsWfwX5JysK1rxGNMaKK9el2n1TMT6iO','Jon Legorburu','jlegorburu@amorebieta.eus',1,null);
INSERT INTO `user` (`username`,`roles`,`password`,`first_name`,`email`,`activated`,`last_login`) VALUES ('laguilar','[\"ROLE_BOSS\"]','$2y$13$5MN.OZ5uv0tSIpN7/GyIlOsWfwX5JysK1rxGNMaKK9el2n1TMT6iO','Leire Aguilar','jlegorburu@amorebieta.eus',1,null);

/**
 -- ROLES
*/
INSERT INTO `role` (`id`,`name_es`,`name_eu`) VALUES (1,'Acceso','Sarbidea');
INSERT INTO `role` (`id`,`name_es`,`name_eu`) VALUES (2,'Administrador','Administratzailea');
INSERT INTO `role` (`id`,`name_es`,`name_eu`) VALUES (3,'Super administrador','Super administratzailea');
INSERT INTO `role` (`id`,`name_es`,`name_eu`) VALUES (4,'HAZ','SAC');
INSERT INTO `role` (`id`,`name_es`,`name_eu`) VALUES (5,'Informática','Informatika');
INSERT INTO `role` (`id`,`name_es`,`name_eu`) VALUES (6,'Secretaría','Idazkaritza');
INSERT INTO `role` (`id`,`name_es`,`name_eu`) VALUES (7,'Recursos humanos','Giza baliabideak');
INSERT INTO `role` (`id`,`name_es`,`name_eu`) VALUES (8,'Economía','Ekonomia');
INSERT INTO `role` (`id`,`name_es`,`name_eu`) VALUES (9,'Responsable','Arduraduna');
INSERT INTO `role` (`id`,`name_es`,`name_eu`) VALUES (10,'Informador','Informatzailea');
INSERT INTO `role` (`id`,`name_es`,`name_eu`) VALUES (11,'Técnico externo','Kanpoko teknikaria');
INSERT INTO `role` (`id`,`name_es`,`name_eu`) VALUES (12,'Api','Api');
INSERT INTO `role` (`id`,`name_es`,`name_eu`) VALUES (13,'Recibos','Erreziboak');
INSERT INTO `role` (`id`,`name_es`,`name_eu`) VALUES (14,'Devoluciones','Diru-itzulketak');
INSERT INTO `role` (`id`,`name_es`,`name_eu`) VALUES (15,'Deudas','Zorrak');
INSERT INTO `role` (`id`,`name_es`,`name_eu`) VALUES (16,'Titularidad','Titularitatea');
INSERT INTO `role` (`id`,`name_es`,`name_eu`) VALUES (17,'Archivador','Artxibatzailea');
INSERT INTO `role` (`id`,`name_es`,`name_eu`) VALUES (18,'Aprobador de vacaciones','Opor onartzailea');
INSERT INTO `role` (`id`,`name_es`,`name_eu`) VALUES (19,'Gestión','Kudeaketa');

/**
-- Aplication-Roles
*/
INSERT INTO `application_role` (`application_id`,`role_id`) VALUES (1,1);
INSERT INTO `application_role` (`application_id`,`role_id`) VALUES (1,2);
INSERT INTO `application_role` (`application_id`,`role_id`) VALUES (2,1);
INSERT INTO `application_role` (`application_id`,`role_id`) VALUES (3,1);
INSERT INTO `application_role` (`application_id`,`role_id`) VALUES (4,1);
INSERT INTO `application_role` (`application_id`,`role_id`) VALUES (5,1);
INSERT INTO `application_role` (`application_id`,`role_id`) VALUES (5,2);
INSERT INTO `application_role` (`application_id`,`role_id`) VALUES (6,1);
INSERT INTO `application_role` (`application_id`,`role_id`) VALUES (6,2);
INSERT INTO `application_role` (`application_id`,`role_id`) VALUES (7,1);
INSERT INTO `application_role` (`application_id`,`role_id`) VALUES (7,2);
INSERT INTO `application_role` (`application_id`,`role_id`) VALUES (8,1);
INSERT INTO `application_role` (`application_id`,`role_id`) VALUES (8,2);
INSERT INTO `application_role` (`application_id`,`role_id`) VALUES (9,1);
INSERT INTO `application_role` (`application_id`,`role_id`) VALUES (10,1);
INSERT INTO `application_role` (`application_id`,`role_id`) VALUES (10,2);
INSERT INTO `application_role` (`application_id`,`role_id`) VALUES (11,1);
INSERT INTO `application_role` (`application_id`,`role_id`) VALUES (12,1);
INSERT INTO `application_role` (`application_id`,`role_id`) VALUES (12,2);
INSERT INTO `application_role` (`application_id`,`role_id`) VALUES (12,8);
INSERT INTO `application_role` (`application_id`,`role_id`) VALUES (12,9);
INSERT INTO `application_role` (`application_id`,`role_id`) VALUES (12,10);
INSERT INTO `application_role` (`application_id`,`role_id`) VALUES (13,19);
INSERT INTO `application_role` (`application_id`,`role_id`) VALUES (13,2);
INSERT INTO `application_role` (`application_id`,`role_id`) VALUES (13,3);
INSERT INTO `application_role` (`application_id`,`role_id`) VALUES (14,1);
INSERT INTO `application_role` (`application_id`,`role_id`) VALUES (14,2);
INSERT INTO `application_role` (`application_id`,`role_id`) VALUES (14,3);
INSERT INTO `application_role` (`application_id`,`role_id`) VALUES (15,1);
INSERT INTO `application_role` (`application_id`,`role_id`) VALUES (15,2);
INSERT INTO `application_role` (`application_id`,`role_id`) VALUES (15,4);
INSERT INTO `application_role` (`application_id`,`role_id`) VALUES (15,5);
INSERT INTO `application_role` (`application_id`,`role_id`) VALUES (15,6);
INSERT INTO `application_role` (`application_id`,`role_id`) VALUES (15,7);
INSERT INTO `application_role` (`application_id`,`role_id`) VALUES (15,8);
INSERT INTO `application_role` (`application_id`,`role_id`) VALUES (16,1);
INSERT INTO `application_role` (`application_id`,`role_id`) VALUES (16,2);
INSERT INTO `application_role` (`application_id`,`role_id`) VALUES (17,1);
INSERT INTO `application_role` (`application_id`,`role_id`) VALUES (17,2);
INSERT INTO `application_role` (`application_id`,`role_id`) VALUES (18,1);
INSERT INTO `application_role` (`application_id`,`role_id`) VALUES (18,2);
INSERT INTO `application_role` (`application_id`,`role_id`) VALUES (18,13);
INSERT INTO `application_role` (`application_id`,`role_id`) VALUES (18,14);
INSERT INTO `application_role` (`application_id`,`role_id`) VALUES (18,15);
INSERT INTO `application_role` (`application_id`,`role_id`) VALUES (18,16);
INSERT INTO `application_role` (`application_id`,`role_id`) VALUES (19,1);
INSERT INTO `application_role` (`application_id`,`role_id`) VALUES (19,2);
INSERT INTO `application_role` (`application_id`,`role_id`) VALUES (20,1);
INSERT INTO `application_role` (`application_id`,`role_id`) VALUES (20,2);
INSERT INTO `application_role` (`application_id`,`role_id`) VALUES (20,7);
INSERT INTO `application_role` (`application_id`,`role_id`) VALUES (20,9);
INSERT INTO `application_role` (`application_id`,`role_id`) VALUES (21,1);
INSERT INTO `application_role` (`application_id`,`role_id`) VALUES (21,2);
INSERT INTO `application_role` (`application_id`,`role_id`) VALUES (22,1);
INSERT INTO `application_role` (`application_id`,`role_id`) VALUES (22,2);
INSERT INTO `application_role` (`application_id`,`role_id`) VALUES (23,1);
INSERT INTO `application_role` (`application_id`,`role_id`) VALUES (23,2);
INSERT INTO `application_role` (`application_id`,`role_id`) VALUES (23,17);
INSERT INTO `application_role` (`application_id`,`role_id`) VALUES (24,1);
INSERT INTO `application_role` (`application_id`,`role_id`) VALUES (24,2);
INSERT INTO `application_role` (`application_id`,`role_id`) VALUES (24,7);
INSERT INTO `application_role` (`application_id`,`role_id`) VALUES (24,18);
INSERT INTO `application_role` (`application_id`,`role_id`) VALUES (25,1);
INSERT INTO `application_role` (`application_id`,`role_id`) VALUES (25,2);
INSERT INTO `application_role` (`application_id`,`role_id`) VALUES (26,1);
INSERT INTO `application_role` (`application_id`,`role_id`) VALUES (26,2);
